PRAGMA foreign_keys=OFF;
BEGIN TRANSACTION;
CREATE TABLE IF NOT EXISTS "django_migrations" ("id" integer NOT NULL PRIMARY KEY AUTOINCREMENT, "app" varchar(255) NOT NULL, "name" varchar(255) NOT NULL, "applied" datetime NOT NULL);
INSERT INTO django_migrations VALUES(1,'contenttypes','0001_initial','2023-10-14 22:00:27.141564');
INSERT INTO django_migrations VALUES(2,'auth','0001_initial','2023-10-14 22:00:27.274610');
INSERT INTO django_migrations VALUES(3,'account','0001_initial','2023-10-14 22:00:27.405143');
INSERT INTO django_migrations VALUES(4,'account','0002_email_max_length','2023-10-14 22:00:27.492342');
INSERT INTO django_migrations VALUES(5,'account','0003_alter_emailaddress_create_unique_verified_email','2023-10-14 22:00:27.597032');
INSERT INTO django_migrations VALUES(6,'account','0004_alter_emailaddress_drop_unique_email','2023-10-14 22:00:27.676676');
INSERT INTO django_migrations VALUES(7,'account','0005_emailaddress_idx_upper_email','2023-10-14 22:00:27.751642');
INSERT INTO django_migrations VALUES(8,'admin','0001_initial','2023-10-14 22:00:27.872403');
INSERT INTO django_migrations VALUES(9,'admin','0002_logentry_remove_auto_add','2023-10-14 22:00:27.949612');
INSERT INTO django_migrations VALUES(10,'admin','0003_logentry_add_action_flag_choices','2023-10-14 22:00:28.010138');
INSERT INTO django_migrations VALUES(11,'contenttypes','0002_remove_content_type_name','2023-10-14 22:00:28.101092');
INSERT INTO django_migrations VALUES(12,'auth','0002_alter_permission_name_max_length','2023-10-14 22:00:28.150792');
INSERT INTO django_migrations VALUES(13,'auth','0003_alter_user_email_max_length','2023-10-14 22:00:28.193641');
INSERT INTO django_migrations VALUES(14,'auth','0004_alter_user_username_opts','2023-10-14 22:00:28.232406');
INSERT INTO django_migrations VALUES(15,'auth','0005_alter_user_last_login_null','2023-10-14 22:00:28.309677');
INSERT INTO django_migrations VALUES(16,'auth','0006_require_contenttypes_0002','2023-10-14 22:00:28.338361');
INSERT INTO django_migrations VALUES(17,'auth','0007_alter_validators_add_error_messages','2023-10-14 22:00:28.408529');
INSERT INTO django_migrations VALUES(18,'auth','0008_alter_user_username_max_length','2023-10-14 22:00:28.513103');
INSERT INTO django_migrations VALUES(19,'auth','0009_alter_user_last_name_max_length','2023-10-14 22:00:28.595162');
INSERT INTO django_migrations VALUES(20,'auth','0010_alter_group_name_max_length','2023-10-14 22:00:28.705497');
INSERT INTO django_migrations VALUES(21,'auth','0011_update_proxy_permissions','2023-10-14 22:00:28.773930');
INSERT INTO django_migrations VALUES(22,'auth','0012_alter_user_first_name_max_length','2023-10-14 22:00:28.858198');
INSERT INTO django_migrations VALUES(23,'sessions','0001_initial','2023-10-14 22:00:28.926164');
INSERT INTO django_migrations VALUES(24,'socialaccount','0001_initial','2023-10-14 22:00:29.172826');
INSERT INTO django_migrations VALUES(25,'socialaccount','0002_token_max_lengths','2023-10-14 22:00:29.320818');
INSERT INTO django_migrations VALUES(26,'socialaccount','0003_extra_data_default_dict','2023-10-14 22:00:29.396355');
INSERT INTO django_migrations VALUES(27,'socialaccount','0004_app_provider_id_settings','2023-10-14 22:00:29.539168');
INSERT INTO django_migrations VALUES(28,'socialaccount','0005_socialtoken_nullable_app','2023-10-14 22:00:29.655557');
INSERT INTO django_migrations VALUES(29,'shop','0001_initial','2023-10-18 20:33:08.258689');
INSERT INTO django_migrations VALUES(30,'users','0001_initial','2023-10-18 20:33:08.333119');
CREATE TABLE IF NOT EXISTS "auth_group_permissions" ("id" integer NOT NULL PRIMARY KEY AUTOINCREMENT, "group_id" integer NOT NULL REFERENCES "auth_group" ("id") DEFERRABLE INITIALLY DEFERRED, "permission_id" integer NOT NULL REFERENCES "auth_permission" ("id") DEFERRABLE INITIALLY DEFERRED);
CREATE TABLE IF NOT EXISTS "auth_user_groups" ("id" integer NOT NULL PRIMARY KEY AUTOINCREMENT, "user_id" integer NOT NULL REFERENCES "auth_user" ("id") DEFERRABLE INITIALLY DEFERRED, "group_id" integer NOT NULL REFERENCES "auth_group" ("id") DEFERRABLE INITIALLY DEFERRED);
CREATE TABLE IF NOT EXISTS "auth_user_user_permissions" ("id" integer NOT NULL PRIMARY KEY AUTOINCREMENT, "user_id" integer NOT NULL REFERENCES "auth_user" ("id") DEFERRABLE INITIALLY DEFERRED, "permission_id" integer NOT NULL REFERENCES "auth_permission" ("id") DEFERRABLE INITIALLY DEFERRED);
CREATE TABLE IF NOT EXISTS "account_emailconfirmation" ("id" integer NOT NULL PRIMARY KEY AUTOINCREMENT, "created" datetime NOT NULL, "sent" datetime NULL, "key" varchar(64) NOT NULL UNIQUE, "email_address_id" integer NOT NULL REFERENCES "account_emailaddress" ("id") DEFERRABLE INITIALLY DEFERRED);
CREATE TABLE IF NOT EXISTS "account_emailaddress" ("id" integer NOT NULL PRIMARY KEY AUTOINCREMENT, "verified" bool NOT NULL, "primary" bool NOT NULL, "user_id" integer NOT NULL REFERENCES "auth_user" ("id") DEFERRABLE INITIALLY DEFERRED, "email" varchar(254) NOT NULL);
CREATE TABLE IF NOT EXISTS "django_admin_log" ("id" integer NOT NULL PRIMARY KEY AUTOINCREMENT, "object_id" text NULL, "object_repr" varchar(200) NOT NULL, "action_flag" smallint unsigned NOT NULL CHECK ("action_flag" >= 0), "change_message" text NOT NULL, "content_type_id" integer NULL REFERENCES "django_content_type" ("id") DEFERRABLE INITIALLY DEFERRED, "user_id" integer NOT NULL REFERENCES "auth_user" ("id") DEFERRABLE INITIALLY DEFERRED, "action_time" datetime NOT NULL);
INSERT INTO django_admin_log VALUES(1,'1','admin',3,'',4,2,'2023-10-19 22:43:46.148758');
INSERT INTO django_admin_log VALUES(2,'1','Baby Bottle and Pacifier set',1,'[{"added": {}}]',19,2,'2023-10-19 23:55:34.372705');
INSERT INTO django_admin_log VALUES(3,'2','Peach Colored Dress',1,'[{"added": {}}]',19,2,'2023-10-20 00:59:51.031851');
INSERT INTO django_admin_log VALUES(4,'3','Custom-Denim Shoes',1,'[{"added": {}}]',19,2,'2023-10-20 01:01:08.567661');
INSERT INTO django_admin_log VALUES(5,'4','Princess Dress',1,'[{"added": {}}]',19,2,'2023-10-20 01:02:15.047213');
INSERT INTO django_admin_log VALUES(6,'5','Dinosaur Toys Set',1,'[{"added": {}}]',19,2,'2023-10-20 01:04:51.492621');
INSERT INTO django_admin_log VALUES(7,'6','Shark SwimSuit Set',1,'[{"added": {}}]',19,2,'2023-10-20 01:06:31.790579');
INSERT INTO django_admin_log VALUES(8,'7','Bicycle with Training Wheels',1,'[{"added": {}}]',19,2,'2023-10-20 01:08:04.000809');
INSERT INTO django_admin_log VALUES(9,'8','U-shaped Pregnancy Pilllow',1,'[{"added": {}}]',19,2,'2023-10-20 01:10:05.026402');
INSERT INTO django_admin_log VALUES(10,'8','U-shaped Pregnancy Pilllow',2,'[{"changed": {"fields": ["Price", "Discount price"]}}]',19,2,'2023-10-20 01:13:16.950722');
INSERT INTO django_admin_log VALUES(11,'7','Bicycle with Training Wheels',2,'[{"changed": {"fields": ["Discount price"]}}]',19,2,'2023-10-20 01:13:56.452055');
INSERT INTO django_admin_log VALUES(12,'1','Baby Bottle and Pacifier set',2,'[{"changed": {"fields": ["Price", "Discount price", "Image"]}}]',19,2,'2023-10-20 01:14:40.217976');
INSERT INTO django_admin_log VALUES(13,'2','Peach Colored Dress',2,'[{"changed": {"fields": ["Discount price"]}}]',19,2,'2023-10-20 01:14:55.430032');
INSERT INTO django_admin_log VALUES(14,'3','Custom-Denim Shoes',2,'[{"changed": {"fields": ["Discount price"]}}]',19,2,'2023-10-20 01:15:09.553774');
INSERT INTO django_admin_log VALUES(15,'5','Dinosaur Toys Set',2,'[{"changed": {"fields": ["Discount price"]}}]',19,2,'2023-10-20 01:15:26.066711');
INSERT INTO django_admin_log VALUES(16,'6','Shark SwimSuit Set',2,'[{"changed": {"fields": ["Discount price"]}}]',19,2,'2023-10-20 01:15:41.099945');
INSERT INTO django_admin_log VALUES(17,'7','Bicycle with Training Wheels',2,'[{"changed": {"fields": ["Discount price"]}}]',19,2,'2023-10-20 01:15:54.847625');
INSERT INTO django_admin_log VALUES(18,'8','U-shaped Pregnancy Pilllow',2,'[{"changed": {"fields": ["Price", "Discount price"]}}]',19,2,'2023-10-20 01:16:15.663557');
CREATE TABLE IF NOT EXISTS "django_content_type" ("id" integer NOT NULL PRIMARY KEY AUTOINCREMENT, "app_label" varchar(100) NOT NULL, "model" varchar(100) NOT NULL);
INSERT INTO django_content_type VALUES(1,'admin','logentry');
INSERT INTO django_content_type VALUES(2,'auth','permission');
INSERT INTO django_content_type VALUES(3,'auth','group');
INSERT INTO django_content_type VALUES(4,'auth','user');
INSERT INTO django_content_type VALUES(5,'contenttypes','contenttype');
INSERT INTO django_content_type VALUES(6,'sessions','session');
INSERT INTO django_content_type VALUES(7,'account','emailaddress');
INSERT INTO django_content_type VALUES(8,'account','emailconfirmation');
INSERT INTO django_content_type VALUES(9,'socialaccount','socialaccount');
INSERT INTO django_content_type VALUES(10,'socialaccount','socialapp');
INSERT INTO django_content_type VALUES(11,'socialaccount','socialtoken');
INSERT INTO django_content_type VALUES(12,'users','userprofile');
INSERT INTO django_content_type VALUES(13,'shop','payment');
INSERT INTO django_content_type VALUES(14,'shop','orderitem');
INSERT INTO django_content_type VALUES(15,'shop','address');
INSERT INTO django_content_type VALUES(16,'shop','coupon');
INSERT INTO django_content_type VALUES(17,'shop','order');
INSERT INTO django_content_type VALUES(18,'shop','refund');
INSERT INTO django_content_type VALUES(19,'shop','item');
CREATE TABLE IF NOT EXISTS "auth_permission" ("id" integer NOT NULL PRIMARY KEY AUTOINCREMENT, "content_type_id" integer NOT NULL REFERENCES "django_content_type" ("id") DEFERRABLE INITIALLY DEFERRED, "codename" varchar(100) NOT NULL, "name" varchar(255) NOT NULL);
INSERT INTO auth_permission VALUES(1,1,'add_logentry','Can add log entry');
INSERT INTO auth_permission VALUES(2,1,'change_logentry','Can change log entry');
INSERT INTO auth_permission VALUES(3,1,'delete_logentry','Can delete log entry');
INSERT INTO auth_permission VALUES(4,1,'view_logentry','Can view log entry');
INSERT INTO auth_permission VALUES(5,2,'add_permission','Can add permission');
INSERT INTO auth_permission VALUES(6,2,'change_permission','Can change permission');
INSERT INTO auth_permission VALUES(7,2,'delete_permission','Can delete permission');
INSERT INTO auth_permission VALUES(8,2,'view_permission','Can view permission');
INSERT INTO auth_permission VALUES(9,3,'add_group','Can add group');
INSERT INTO auth_permission VALUES(10,3,'change_group','Can change group');
INSERT INTO auth_permission VALUES(11,3,'delete_group','Can delete group');
INSERT INTO auth_permission VALUES(12,3,'view_group','Can view group');
INSERT INTO auth_permission VALUES(13,4,'add_user','Can add user');
INSERT INTO auth_permission VALUES(14,4,'change_user','Can change user');
INSERT INTO auth_permission VALUES(15,4,'delete_user','Can delete user');
INSERT INTO auth_permission VALUES(16,4,'view_user','Can view user');
INSERT INTO auth_permission VALUES(17,5,'add_contenttype','Can add content type');
INSERT INTO auth_permission VALUES(18,5,'change_contenttype','Can change content type');
INSERT INTO auth_permission VALUES(19,5,'delete_contenttype','Can delete content type');
INSERT INTO auth_permission VALUES(20,5,'view_contenttype','Can view content type');
INSERT INTO auth_permission VALUES(21,6,'add_session','Can add session');
INSERT INTO auth_permission VALUES(22,6,'change_session','Can change session');
INSERT INTO auth_permission VALUES(23,6,'delete_session','Can delete session');
INSERT INTO auth_permission VALUES(24,6,'view_session','Can view session');
INSERT INTO auth_permission VALUES(25,7,'add_emailaddress','Can add email address');
INSERT INTO auth_permission VALUES(26,7,'change_emailaddress','Can change email address');
INSERT INTO auth_permission VALUES(27,7,'delete_emailaddress','Can delete email address');
INSERT INTO auth_permission VALUES(28,7,'view_emailaddress','Can view email address');
INSERT INTO auth_permission VALUES(29,8,'add_emailconfirmation','Can add email confirmation');
INSERT INTO auth_permission VALUES(30,8,'change_emailconfirmation','Can change email confirmation');
INSERT INTO auth_permission VALUES(31,8,'delete_emailconfirmation','Can delete email confirmation');
INSERT INTO auth_permission VALUES(32,8,'view_emailconfirmation','Can view email confirmation');
INSERT INTO auth_permission VALUES(33,9,'add_socialaccount','Can add social account');
INSERT INTO auth_permission VALUES(34,9,'change_socialaccount','Can change social account');
INSERT INTO auth_permission VALUES(35,9,'delete_socialaccount','Can delete social account');
INSERT INTO auth_permission VALUES(36,9,'view_socialaccount','Can view social account');
INSERT INTO auth_permission VALUES(37,10,'add_socialapp','Can add social application');
INSERT INTO auth_permission VALUES(38,10,'change_socialapp','Can change social application');
INSERT INTO auth_permission VALUES(39,10,'delete_socialapp','Can delete social application');
INSERT INTO auth_permission VALUES(40,10,'view_socialapp','Can view social application');
INSERT INTO auth_permission VALUES(41,11,'add_socialtoken','Can add social application token');
INSERT INTO auth_permission VALUES(42,11,'change_socialtoken','Can change social application token');
INSERT INTO auth_permission VALUES(43,11,'delete_socialtoken','Can delete social application token');
INSERT INTO auth_permission VALUES(44,11,'view_socialtoken','Can view social application token');
INSERT INTO auth_permission VALUES(45,12,'add_userprofile','Can add user profile');
INSERT INTO auth_permission VALUES(46,12,'change_userprofile','Can change user profile');
INSERT INTO auth_permission VALUES(47,12,'delete_userprofile','Can delete user profile');
INSERT INTO auth_permission VALUES(48,12,'view_userprofile','Can view user profile');
INSERT INTO auth_permission VALUES(49,13,'add_payment','Can add payment');
INSERT INTO auth_permission VALUES(50,13,'change_payment','Can change payment');
INSERT INTO auth_permission VALUES(51,13,'delete_payment','Can delete payment');
INSERT INTO auth_permission VALUES(52,13,'view_payment','Can view payment');
INSERT INTO auth_permission VALUES(53,14,'add_orderitem','Can add order item');
INSERT INTO auth_permission VALUES(54,14,'change_orderitem','Can change order item');
INSERT INTO auth_permission VALUES(55,14,'delete_orderitem','Can delete order item');
INSERT INTO auth_permission VALUES(56,14,'view_orderitem','Can view order item');
INSERT INTO auth_permission VALUES(57,15,'add_address','Can add address');
INSERT INTO auth_permission VALUES(58,15,'change_address','Can change address');
INSERT INTO auth_permission VALUES(59,15,'delete_address','Can delete address');
INSERT INTO auth_permission VALUES(60,15,'view_address','Can view address');
INSERT INTO auth_permission VALUES(61,16,'add_coupon','Can add coupon');
INSERT INTO auth_permission VALUES(62,16,'change_coupon','Can change coupon');
INSERT INTO auth_permission VALUES(63,16,'delete_coupon','Can delete coupon');
INSERT INTO auth_permission VALUES(64,16,'view_coupon','Can view coupon');
INSERT INTO auth_permission VALUES(65,17,'add_order','Can add order');
INSERT INTO auth_permission VALUES(66,17,'change_order','Can change order');
INSERT INTO auth_permission VALUES(67,17,'delete_order','Can delete order');
INSERT INTO auth_permission VALUES(68,17,'view_order','Can view order');
INSERT INTO auth_permission VALUES(69,18,'add_refund','Can add refund');
INSERT INTO auth_permission VALUES(70,18,'change_refund','Can change refund');
INSERT INTO auth_permission VALUES(71,18,'delete_refund','Can delete refund');
INSERT INTO auth_permission VALUES(72,18,'view_refund','Can view refund');
INSERT INTO auth_permission VALUES(73,19,'add_item','Can add item');
INSERT INTO auth_permission VALUES(74,19,'change_item','Can change item');
INSERT INTO auth_permission VALUES(75,19,'delete_item','Can delete item');
INSERT INTO auth_permission VALUES(76,19,'view_item','Can view item');
CREATE TABLE IF NOT EXISTS "auth_group" ("id" integer NOT NULL PRIMARY KEY AUTOINCREMENT, "name" varchar(150) NOT NULL UNIQUE);
CREATE TABLE IF NOT EXISTS "auth_user" ("id" integer NOT NULL PRIMARY KEY AUTOINCREMENT, "password" varchar(128) NOT NULL, "last_login" datetime NULL, "is_superuser" bool NOT NULL, "username" varchar(150) NOT NULL UNIQUE, "last_name" varchar(150) NOT NULL, "email" varchar(254) NOT NULL, "is_staff" bool NOT NULL, "is_active" bool NOT NULL, "date_joined" datetime NOT NULL, "first_name" varchar(150) NOT NULL);
INSERT INTO auth_user VALUES(2,'pbkdf2_sha256$600000$wgvmLHvDChHEcYamyQkwh0$OX9AHRVrJaC/mW/qkLvnAfQeOImUKwKAnjYYystv9Fc=','2023-10-20 00:56:24.624236',1,'adminImran','','imranbarissa@gmail.com',1,1,'2023-10-19 22:35:57.788724','');
CREATE TABLE IF NOT EXISTS "django_session" ("session_key" varchar(40) NOT NULL PRIMARY KEY, "session_data" text NOT NULL, "expire_date" datetime NOT NULL);
INSERT INTO django_session VALUES('dwhvh6anmhej8vhgakpz73dly3vn5t0h','e30:1qtbf5:13V3PvPpfYFHv9AD3Xi61I8RFcaTxpP9z-46qXVedQI','2023-11-02 22:38:39.280936');
INSERT INTO django_session VALUES('iggejib9lotj4ns6qj45lcjnrdfecvnj','e30:1qtbgt:dOsCZTxXZrWXNbnoQCRb--pccCljk_fpMtT_GlCWUts','2023-11-02 22:40:31.323566');
INSERT INTO django_session VALUES('84jb7loaigeojcjf3j8fytjn9dydfwg6','.eJxVjMsOwiAURP-FtSGUx4W6dO83EC5cpGogKe3K-O9K0oXuJnPOzIv5sG_F751WvyR2ZpKdfjsM8UF1gHQP9dZ4bHVbF-RD4Qft_NoSPS-H-3dQQi_ftTIWI1rIRORmgcImkMrZMAmlhSGMwWoFCrOLADKmEWed0aQJFFj2_gDoJjfc:1qtbiH:apA07LpmOf0iWMmBxknwqNG33TdUsxYdUfk_Bx11_Gc','2023-11-02 22:41:57.088182');
INSERT INTO django_session VALUES('khy2pdj3u898tpv8rqqmy8e8ve2zb2da','e30:1qtdkD:Vk0LkmPVSNI5eLF6dM61-Cdidt6NLEuRQFRkLTWjYKI','2023-11-03 00:52:05.068770');
INSERT INTO django_session VALUES('iytnhn9eje9poz4c3t5g2ei09nogvbf0','e30:1qtdku:TNutTUgY_WP2VS95xMArRWGmmIs85AJ73d9nBdnDmME','2023-11-03 00:52:48.797853');
INSERT INTO django_session VALUES('d9onhvjfyn1cyp4gbas70sp2ycvlknhh','e30:1qtdlR:4HPeFxbq8H5mHBPWKVo2maVyjeGR96u5OB86qsVlBAQ','2023-11-03 00:53:21.228609');
INSERT INTO django_session VALUES('u8di49qj6lp1eh944javvrrsdeyojm1w','e30:1qtdn3:eG_mCsGBqRaxGLcZpYPmYxVRCfLx3BwHC6OBZoe92j4','2023-11-03 00:55:01.031330');
INSERT INTO django_session VALUES('bhteiznnhb1ksrr07kjycsdw364sflf1','.eJxVjMsOwiAURP-FtSGUx4W6dO83EC5cpGogKe3K-O9K0oXuJnPOzIv5sG_F751WvyR2ZpKdfjsM8UF1gHQP9dZ4bHVbF-RD4Qft_NoSPS-H-3dQQi_ftTIWI1rIRORmgcImkMrZMAmlhSGMwWoFCrOLADKmEWed0aQJFFj2_gDoJjfc:1qtdoO:ejQaMzf6-GKRvLDlKVBoX3Ju_ifWhmHy4QSsCnGs2Z8','2023-11-03 00:56:24.670901');
CREATE TABLE IF NOT EXISTS "socialaccount_socialapp" ("id" integer NOT NULL PRIMARY KEY AUTOINCREMENT, "provider" varchar(30) NOT NULL, "name" varchar(40) NOT NULL, "client_id" varchar(191) NOT NULL, "secret" varchar(191) NOT NULL, "key" varchar(191) NOT NULL, "provider_id" varchar(200) NOT NULL, "settings" text NOT NULL CHECK ((JSON_VALID("settings") OR "settings" IS NULL)));
CREATE TABLE IF NOT EXISTS "socialaccount_socialaccount" ("id" integer NOT NULL PRIMARY KEY AUTOINCREMENT, "uid" varchar(191) NOT NULL, "last_login" datetime NOT NULL, "date_joined" datetime NOT NULL, "extra_data" text NOT NULL, "user_id" integer NOT NULL REFERENCES "auth_user" ("id") DEFERRABLE INITIALLY DEFERRED, "provider" varchar(200) NOT NULL);
CREATE TABLE IF NOT EXISTS "socialaccount_socialtoken" ("id" integer NOT NULL PRIMARY KEY AUTOINCREMENT, "token" text NOT NULL, "token_secret" text NOT NULL, "expires_at" datetime NULL, "account_id" integer NOT NULL REFERENCES "socialaccount_socialaccount" ("id") DEFERRABLE INITIALLY DEFERRED, "app_id" integer NULL REFERENCES "socialaccount_socialapp" ("id") DEFERRABLE INITIALLY DEFERRED);
CREATE TABLE IF NOT EXISTS "shop_address" ("id" integer NOT NULL PRIMARY KEY AUTOINCREMENT, "street_address" varchar(100) NOT NULL, "apartment_address" varchar(100) NOT NULL, "country" varchar(2) NOT NULL, "zip" varchar(100) NULL, "address_type" varchar(1) NOT NULL, "default" bool NOT NULL, "user_id" integer NOT NULL REFERENCES "auth_user" ("id") DEFERRABLE INITIALLY DEFERRED);
INSERT INTO shop_address VALUES(1,'Off Thika superhighway, Kahawa Wendani','','KE','43844','S',1,2);
INSERT INTO shop_address VALUES(2,'Off Thika superhighway, Kahawa Wendani','','KE','43844','B',1,2);
CREATE TABLE IF NOT EXISTS "shop_coupon" ("id" integer NOT NULL PRIMARY KEY AUTOINCREMENT, "code" varchar(15) NOT NULL, "amount" real NOT NULL);
CREATE TABLE IF NOT EXISTS "shop_item" ("id" integer NOT NULL PRIMARY KEY AUTOINCREMENT, "title" varchar(100) NOT NULL, "price" real NOT NULL, "discount_price" real NULL, "category" varchar(50) NOT NULL, "label" varchar(50) NOT NULL, "slug" varchar(50) NOT NULL, "description" text NOT NULL, "image" varchar(100) NOT NULL);
INSERT INTO shop_item VALUES(1,'Baby Bottle and Pacifier set',1500.0,0.0,'Feeding and Nursing','P','baby-bottle-and-pacifier-set','Baby bottle with doodles. Includes a pacifier','pacifier.jpg');
INSERT INTO shop_item VALUES(2,'Peach Colored Dress',1500.0,0.0,'Clothing and Apparel','P','peach-colored-dress','A Peach Colored Dress for little girls','peach-colored-dress.png');
INSERT INTO shop_item VALUES(3,'Custom-Denim Shoes',1700.0,0.0,'Clothing and Apparel','P','custom-denim-shoes','Custom-Denim Shoes for little boys','shoes.jpg');
INSERT INTO shop_item VALUES(4,'Princess Dress',2500.0,0.0,'Clothing and Apparel','P','princess-dress','Princess Dress for all young and tiny princesses','princess-dress.jpg');
INSERT INTO shop_item VALUES(5,'Dinosaur Toys Set',2000.0,0.0,'Toys and Games','S','dinosaur-toys-set','A Dinosaur Toys Set to engage children and keep their minds occupied with imagination','dino.jpg');
INSERT INTO shop_item VALUES(6,'Shark SwimSuit Set',1500.0,0.0,'Clothing and Apparel','P','shark-swimsuit-set','Shark Swimsuit Set for young boys when they go for outdoor water activities','swimsuit.jpg');
INSERT INTO shop_item VALUES(7,'Bicycle with Training Wheels',15000.0,0.0,'Toys and Games','S','bicycle-with-training-wheels','A class Bicycle comes handy with training to ensure your little ones are safe while having fun','bicycle.jpg');
INSERT INTO shop_item VALUES(8,'U-shaped Pregnancy Pilllow',4500.0,0.0,'Maternity and Pregnancy','P','u-shaped-pregnancy-pillow','A Comfortable pregnancy pillow that comes in handy for the moms as they grow their babies.','pregnancy-pillow.jpg');
CREATE TABLE IF NOT EXISTS "shop_refund" ("id" integer NOT NULL PRIMARY KEY AUTOINCREMENT, "reason" text NOT NULL, "accepted" bool NOT NULL, "email" varchar(254) NOT NULL, "order_id" bigint NOT NULL REFERENCES "shop_order" ("id") DEFERRABLE INITIALLY DEFERRED);
CREATE TABLE IF NOT EXISTS "shop_payment" ("id" integer NOT NULL PRIMARY KEY AUTOINCREMENT, "stripe_charge_id" varchar(50) NOT NULL, "amount" real NOT NULL, "timestamp" datetime NOT NULL, "user_id" integer NULL REFERENCES "auth_user" ("id") DEFERRABLE INITIALLY DEFERRED);
INSERT INTO shop_payment VALUES(1,'ch_3O39GyDA1GUnwLHv087bdpfi',1500.0,'2023-10-20 03:21:17.789679',2);
CREATE TABLE IF NOT EXISTS "shop_orderitem" ("id" integer NOT NULL PRIMARY KEY AUTOINCREMENT, "ordered" bool NOT NULL, "quantity" integer NOT NULL, "item_id" bigint NOT NULL REFERENCES "shop_item" ("id") DEFERRABLE INITIALLY DEFERRED, "user_id" integer NOT NULL REFERENCES "auth_user" ("id") DEFERRABLE INITIALLY DEFERRED);
INSERT INTO shop_orderitem VALUES(2,1,1,1,2);
INSERT INTO shop_orderitem VALUES(3,0,1,2,2);
CREATE TABLE IF NOT EXISTS "shop_order_items" ("id" integer NOT NULL PRIMARY KEY AUTOINCREMENT, "order_id" bigint NOT NULL REFERENCES "shop_order" ("id") DEFERRABLE INITIALLY DEFERRED, "orderitem_id" bigint NOT NULL REFERENCES "shop_orderitem" ("id") DEFERRABLE INITIALLY DEFERRED);
INSERT INTO shop_order_items VALUES(2,1,2);
INSERT INTO shop_order_items VALUES(3,2,3);
CREATE TABLE IF NOT EXISTS "shop_order" ("id" integer NOT NULL PRIMARY KEY AUTOINCREMENT, "ref_code" varchar(20) NULL, "start_date" datetime NOT NULL, "ordered_date" datetime NOT NULL, "ordered" bool NOT NULL, "being_delivered" bool NOT NULL, "received" bool NOT NULL, "refund_requested" bool NOT NULL, "refund_granted" bool NOT NULL, "billing_address_id" bigint NULL REFERENCES "shop_address" ("id") DEFERRABLE INITIALLY DEFERRED, "coupon_id" bigint NULL REFERENCES "shop_coupon" ("id") DEFERRABLE INITIALLY DEFERRED, "payment_id" bigint NULL REFERENCES "shop_payment" ("id") DEFERRABLE INITIALLY DEFERRED, "shipping_address_id" bigint NULL REFERENCES "shop_address" ("id") DEFERRABLE INITIALLY DEFERRED, "user_id" integer NOT NULL REFERENCES "auth_user" ("id") DEFERRABLE INITIALLY DEFERRED);
INSERT INTO shop_order VALUES(1,'oxuk1gfi31tm6gn1y2bo','2023-10-19 23:57:09.459308','2023-10-19 23:57:09.458897',1,0,0,0,0,2,NULL,1,1,2);
INSERT INTO shop_order VALUES(2,NULL,'2023-10-20 19:10:28.573028','2023-10-20 19:10:28.571255',0,0,0,0,0,2,NULL,NULL,1,2);
CREATE TABLE IF NOT EXISTS "users_userprofile" ("id" integer NOT NULL PRIMARY KEY AUTOINCREMENT, "stripe_customer_id" varchar(50) NULL, "one_click_purchasing" bool NOT NULL, "image" varchar(100) NOT NULL, "user_id" integer NOT NULL UNIQUE REFERENCES "auth_user" ("id") DEFERRABLE INITIALLY DEFERRED);
INSERT INTO users_userprofile VALUES(2,NULL,0,'static/profile_pics/default.jpeg',2);
DELETE FROM sqlite_sequence;
INSERT INTO sqlite_sequence VALUES('django_migrations',30);
INSERT INTO sqlite_sequence VALUES('account_emailaddress',0);
INSERT INTO sqlite_sequence VALUES('django_admin_log',18);
INSERT INTO sqlite_sequence VALUES('django_content_type',19);
INSERT INTO sqlite_sequence VALUES('auth_permission',76);
INSERT INTO sqlite_sequence VALUES('auth_group',0);
INSERT INTO sqlite_sequence VALUES('auth_user',2);
INSERT INTO sqlite_sequence VALUES('socialaccount_socialapp',0);
INSERT INTO sqlite_sequence VALUES('socialaccount_socialaccount',0);
INSERT INTO sqlite_sequence VALUES('socialaccount_socialtoken',0);
INSERT INTO sqlite_sequence VALUES('shop_order',2);
INSERT INTO sqlite_sequence VALUES('users_userprofile',2);
INSERT INTO sqlite_sequence VALUES('shop_item',8);
INSERT INTO sqlite_sequence VALUES('shop_orderitem',3);
INSERT INTO sqlite_sequence VALUES('shop_order_items',3);
INSERT INTO sqlite_sequence VALUES('shop_address',2);
INSERT INTO sqlite_sequence VALUES('shop_payment',1);
CREATE UNIQUE INDEX "auth_group_permissions_group_id_permission_id_0cd325b0_uniq" ON "auth_group_permissions" ("group_id", "permission_id");
CREATE INDEX "auth_group_permissions_group_id_b120cbf9" ON "auth_group_permissions" ("group_id");
CREATE INDEX "auth_group_permissions_permission_id_84c5c92e" ON "auth_group_permissions" ("permission_id");
CREATE UNIQUE INDEX "auth_user_groups_user_id_group_id_94350c0c_uniq" ON "auth_user_groups" ("user_id", "group_id");
CREATE INDEX "auth_user_groups_user_id_6a12ed8b" ON "auth_user_groups" ("user_id");
CREATE INDEX "auth_user_groups_group_id_97559544" ON "auth_user_groups" ("group_id");
CREATE UNIQUE INDEX "auth_user_user_permissions_user_id_permission_id_14a6b632_uniq" ON "auth_user_user_permissions" ("user_id", "permission_id");
CREATE INDEX "auth_user_user_permissions_user_id_a95ead1b" ON "auth_user_user_permissions" ("user_id");
CREATE INDEX "auth_user_user_permissions_permission_id_1fbb5f2c" ON "auth_user_user_permissions" ("permission_id");
CREATE INDEX "account_emailconfirmation_email_address_id_5b7f8c58" ON "account_emailconfirmation" ("email_address_id");
CREATE UNIQUE INDEX "account_emailaddress_user_id_email_987c8728_uniq" ON "account_emailaddress" ("user_id", "email");
CREATE UNIQUE INDEX "unique_verified_email" ON "account_emailaddress" ("email") WHERE "verified";
CREATE INDEX "account_emailaddress_user_id_2c513194" ON "account_emailaddress" ("user_id");
CREATE INDEX "account_emailaddress_upper" ON "account_emailaddress" ((UPPER("email")));
CREATE INDEX "django_admin_log_content_type_id_c4bce8eb" ON "django_admin_log" ("content_type_id");
CREATE INDEX "django_admin_log_user_id_c564eba6" ON "django_admin_log" ("user_id");
CREATE UNIQUE INDEX "django_content_type_app_label_model_76bd3d3b_uniq" ON "django_content_type" ("app_label", "model");
CREATE UNIQUE INDEX "auth_permission_content_type_id_codename_01ab375a_uniq" ON "auth_permission" ("content_type_id", "codename");
CREATE INDEX "auth_permission_content_type_id_2f476e4b" ON "auth_permission" ("content_type_id");
CREATE INDEX "django_session_expire_date_a5c62663" ON "django_session" ("expire_date");
CREATE UNIQUE INDEX "socialaccount_socialaccount_provider_uid_fc810c6e_uniq" ON "socialaccount_socialaccount" ("provider", "uid");
CREATE INDEX "socialaccount_socialaccount_user_id_8146e70c" ON "socialaccount_socialaccount" ("user_id");
CREATE UNIQUE INDEX "socialaccount_socialtoken_app_id_account_id_fca4e0ac_uniq" ON "socialaccount_socialtoken" ("app_id", "account_id");
CREATE INDEX "socialaccount_socialtoken_account_id_951f210e" ON "socialaccount_socialtoken" ("account_id");
CREATE INDEX "socialaccount_socialtoken_app_id_636a42d7" ON "socialaccount_socialtoken" ("app_id");
CREATE INDEX "shop_address_user_id_3edd3b17" ON "shop_address" ("user_id");
CREATE INDEX "shop_item_slug_6410ce1c" ON "shop_item" ("slug");
CREATE INDEX "shop_refund_order_id_0ad89e2e" ON "shop_refund" ("order_id");
CREATE INDEX "shop_payment_user_id_c27b5f91" ON "shop_payment" ("user_id");
CREATE INDEX "shop_orderitem_item_id_f8b42fc5" ON "shop_orderitem" ("item_id");
CREATE INDEX "shop_orderitem_user_id_9172dcce" ON "shop_orderitem" ("user_id");
CREATE UNIQUE INDEX "shop_order_items_order_id_orderitem_id_b94b293c_uniq" ON "shop_order_items" ("order_id", "orderitem_id");
CREATE INDEX "shop_order_items_order_id_e4e555d9" ON "shop_order_items" ("order_id");
CREATE INDEX "shop_order_items_orderitem_id_f47f0296" ON "shop_order_items" ("orderitem_id");
CREATE INDEX "shop_order_billing_address_id_1697d098" ON "shop_order" ("billing_address_id");
CREATE INDEX "shop_order_coupon_id_b64bb177" ON "shop_order" ("coupon_id");
CREATE INDEX "shop_order_payment_id_a7130eb9" ON "shop_order" ("payment_id");
CREATE INDEX "shop_order_shipping_address_id_11dfb44b" ON "shop_order" ("shipping_address_id");
CREATE INDEX "shop_order_user_id_00aba627" ON "shop_order" ("user_id");
COMMIT;